Name,ID
ᴸᴺ Hilly,100338022
ᴿᵀDolAmroth,100175585
Just Háppy,100266982
ᵀˢ KK 王,101268384
BaguzBoyz,100889595
Mareech緣分,100267012
ᴺᶻ Karryr,100983495
ᵀˢPattches,100266995
ᵀˢToots,100950919
SÅNDᶜᵃ,92119310
个 Cloudᵛ1,21608114
ᴿᵀ JCoro,100268478
KafaKoparann,100935761
ATHENAツ,98920041
Ze Leprechaun 3,100296193
Blasius Maximus,101003516
18MissDiana,100976746
ᴿᵒØppaı,82754310
ᴿᵀShikamaru,100263645
certifiedLover,102230554
DeeMKa ɬ8,102756419
Hot Toe Maulie,100961966
Quokka is gae,101233836
SophiaValentine,101004716
BelaruSu4ka,101156908
Crystal Swan,100936384
舞  mai  舞,83043874
ᴿᵀSleepy,100331346
シ Fûᵴȧɏǫシ,82426839
Zenitsûu,100860086
シ йaØĸo シ,57849231
ᴺᶻ Gordão,100991722
ᴿᵀ Bayronne,100271334
Don Dadbod,100562348
Prosimke,100776950
ᴿᵀElectraッ,100277455
FordMUSTANG,100268827
ᴿᵀ Zion,101268394
MeinFreund,100971014
BN SheriffLloyd,89240915
ᴿᵀ DDk,100267020
KingDhom,101232334
Mad Her0,100266471
Akbar Euyy,100216039
ᴿᵀBUTLER,100268383
ᴿᵀ2BIG2HAND,100861767
Masch生,100229008
鍋nabe〤ᴶʳ,92692010
ᴿᵀ Classic,100990426
ᴿᵀLynx,100266915
小小小biu,60825216
Kawaki〤ᴶʳ,92242055
ᴮᴿ ZIKOO,101407943
Røsÿ,88216067
乄CTPaHHuK 乄,100843054
Sanchiago Vn,100282258
Gem Is Life,100931196
ᴿᵀBelaSu4ka,37342217
ᴺᶻ Gordao,100991722
ᵂᴴ ChuckChu,89246624
SimbaHuiIMBA,100733472
ᴿᵀNSP,101180545
The Real TJ,92755777
ᶦᶰᵈ YOLLO,64479010
ᵀˢPain特奧,61641455
MeanPotato,54234531
tiktokłNoMercy,46604212
Akbar Euyy,100216039
Ryukha龍,100227264